Bin Id,Marker lineage,# genomes,# markers,# marker sets,Completeness,Contamination,Strain heterogeneity,Genome size (bp),# ambiguous bases,# scaffolds,# contigs,N50 (scaffolds),N50 (contigs),Mean scaffold length (bp),Mean contig length (bp),Longest scaffold (bp),Longest contig (bp),GC,GC std (scaffolds > 1kbp),Coding density,Translation table,# predicted genes,0,1,2,3,4,5+
GCF_000257685.1.fna,g__Bradyrhizobium (UID3699),37,824,336,90.43,2.39,0.0,8678542,67019,10044,10045,6929,315,241,235,1642,1560,34.2,4.53,-100.0,-1,-1,63,743,18,0,0,0
GCF_000261505.1.fna,g__Bradyrhizobium (UID3699),37,824,336,99.83,0.59,0.0,9773178,75494,9776,9777,25010,353,278,270,3101,3024,34.2,5.56,-100.0,-1,-1,3,814,6,1,0,0
GCF_000261525.1.fna,g__Bradyrhizobium (UID3699),37,824,336,99.32,0.51,14.29,9347700,72596,9244,9245,25032,359,284,276,2373,2191,34.1,4.95,-100.0,-1,-1,5,812,7,0,0,0
GCF_000261545.1.fna,g__Bradyrhizobium (UID3699),37,824,336,99.31,0.71,0.0,10126594,78977,10512,10512,20991,343,270,262,3784,3503,34.0,4.99,-100.0,-1,-1,6,813,5,0,0,0
GCF_000261565.1.fna,g__Bradyrhizobium (UID3699),37,824,336,99.65,1.74,0.0,9917031,77579,10396,10396,16836,343,268,260,3301,3058,34.1,5.2,-100.0,-1,-1,3,812,9,0,0,0
GCF_000261585.1.fna,g__Bradyrhizobium (UID3699),37,824,336,99.65,0.69,0.0,9824012,75774,9868,9868,28568,352,279,271,4102,3985,34.1,5.13,-100.0,-1,-1,5,814,5,0,0,0
GCF_000261605.1.fna,g__Bradyrhizobium (UID3699),37,824,336,99.59,0.6,0.0,9460795,73456,9245,9245,34354,358,286,278,4715,4355,34.2,4.95,-100.0,-1,-1,3,818,3,0,0,0
GCF_000261625.1.fna,g__Bradyrhizobium (UID3699),37,824,336,99.54,0.86,0.0,10074298,78572,10628,10628,16446,340,265,257,3757,3478,34.0,4.77,-100.0,-1,-1,5,814,5,0,0,0
GCF_000261645.1.fna,g__Bradyrhizobium (UID3699),37,824,336,99.4,1.86,10.0,8164124,63233,8434,8434,16180,348,275,267,2774,2608,34.0,5.0,-100.0,-1,-1,6,808,10,0,0,0
GCF_000261665.1.fna,g__Bradyrhizobium (UID3699),37,824,336,99.12,1.97,9.09,8009819,62052,8316,8316,13248,348,273,266,2774,2608,34.0,5.12,-100.0,-1,-1,9,804,11,0,0,0
GCF_000261765.1.fna,g__Bradyrhizobium (UID3699),37,824,336,99.6,0.95,0.0,9121826,71769,8897,8897,30035,360,291,283,4102,3985,34.0,4.69,-100.0,-1,-1,5,813,6,0,0,0
GCF_000261785.1.fna,g__Bradyrhizobium (UID3699),37,824,336,99.72,1.63,10.0,8245751,63256,8105,8105,28696,358,287,279,5480,5380,34.0,5.22,-100.0,-1,-1,4,812,7,1,0,0
GCF_000261805.1.fna,g__Bradyrhizobium (UID3699),37,824,336,99.44,1.87,0.0,7990949,61112,7843,7843,31878,356,286,278,3664,3602,33.9,4.73,-100.0,-1,-1,4,811,9,0,0,0
GCF_000261825.1.fna,g__Bradyrhizobium (UID3699),37,824,336,99.74,1.53,12.5,7854129,60448,7618,7618,31040,362,293,285,3579,3517,34.0,5.02,-100.0,-1,-1,3,815,5,1,0,0
GCF_000284275.1.fna,g__Bradyrhizobium (UID3699),37,824,336,99.96,0.52,0.0,7231841,58595,6834,6835,7231841,376,311,302,5443,5043,34.1,5.13,-100.0,-1,-1,1,820,3,0,0,0
GCF_000284375.1.fna,g__Bradyrhizobium (UID3699),37,824,336,100.0,0.15,0.0,9207384,72058,8701,8701,9207384,366,299,290,5676,5246,34.1,4.77,-100.0,-1,-1,0,823,1,0,0,0
GCF_000344805.1.fna,g__Bradyrhizobium (UID3699),37,824,336,99.35,0.27,0.0,8264165,63034,7164,7164,8264165,394,331,322,12078,11835,33.6,5.46,-100.0,-1,-1,4,817,3,0,0,0
GCF_000421305.1.fna,g__Bradyrhizobium (UID3699),37,824,336,100.0,0.15,0.0,7588794,59238,7281,7281,378224,375,301,293,2832,2662,34.1,5.04,-100.0,-1,-1,0,823,1,0,0,0
GCF_000426845.1c.fna,g__Bradyrhizobium (UID3699),37,824,336,100.0,0.15,0.0,7589915,59226,7274,7274,378302,375,302,293,2832,2662,34.1,5.06,-100.0,-1,-1,0,823,1,0,0,0
GCF_000472685.1.fna,g__Bradyrhizobium (UID3699),37,824,336,100.0,0.0,0.0,9800269,75592,9229,9229,376385,365,297,289,5645,5361,34.0,4.76,-100.0,-1,-1,0,824,0,0,0,0
GCF_000472725.1.fna,g__Bradyrhizobium (UID3699),37,824,336,99.96,0.0,0.0,8737671,67225,8160,8160,274635,372,299,291,5665,5250,34.0,5.17,-100.0,-1,-1,1,823,0,0,0,0
GCF_000472745.1.fna,g__Bradyrhizobium (UID3699),37,824,336,99.7,0.0,0.0,9608975,75209,9147,9147,349838,367,295,287,5681,5234,34.1,4.73,-100.0,-1,-1,1,823,0,0,0,0
GCF_000472865.1.fna,g__Bradyrhizobium (UID3699),37,824,336,99.6,0.75,0.0,9902361,77684,9634,9634,101503,360,286,278,4027,3823,34.3,5.63,-100.0,-1,-1,2,814,8,0,0,0
GCF_000472945.1.fna,g__Bradyrhizobium (UID3699),37,824,336,99.76,0.6,0.0,7703324,59596,7832,7832,26112,362,278,271,2148,2093,34.0,5.13,-100.0,-1,-1,3,818,3,0,0,0
GCF_000472965.1.fna,g__Bradyrhizobium (UID3699),37,824,336,100.0,0.5,0.0,7952346,62124,7567,7567,311400,365,296,288,5478,5369,34.2,5.17,-100.0,-1,-1,0,821,3,0,0,0
GCF_000482425.1.fna,g__Bradyrhizobium (UID3699),37,824,336,99.81,0.3,0.0,7504559,57715,7099,7099,4949936,375,304,296,4094,3957,34.1,5.25,-100.0,-1,-1,2,821,1,0,0,0
GCF_000482525.1.fna,g__Bradyrhizobium (UID3699),37,824,336,99.85,0.69,0.0,10457665,81157,10474,10474,55934,359,279,271,4557,4206,34.1,5.05,-100.0,-1,-1,1,820,3,0,0,0
GCF_000519225.1.fna,g__Bradyrhizobium (UID3699),37,824,336,99.96,0.1,0.0,9558895,74052,9051,9052,138573,371,295,286,3816,3748,34.1,5.53,-100.0,-1,-1,1,822,1,0,0,0
GCF_000661935.1.fna,g__Bradyrhizobium (UID3699),37,824,336,99.93,0.3,0.0,9583027,74202,9098,9098,9583027,366,295,287,5676,5239,34.1,4.65,-100.0,-1,-1,1,822,1,0,0,0
GCF_000773865.1.fna,g__Bradyrhizobium (UID3699),37,824,336,100.0,1.63,0.0,10326597,81024,9918,9918,472902,363,290,282,5681,5234,34.1,4.76,-100.0,-1,-1,0,806,18,0,0,0
GCF_000807315.1.fna,g__Bradyrhizobium (UID3699),37,824,336,100.0,0.22,0.0,9224208,72385,8672,8672,9224208,369,301,292,5676,5246,34.1,4.79,-100.0,-1,-1,0,822,2,0,0,0
GCF_000878305.1.fna,g__Bradyrhizobium (UID3699),37,824,336,97.87,0.68,37.5,7820754,63543,7339,7340,315183,375,310,302,4285,4054,34.0,5.79,-100.0,-1,-1,9,809,5,1,0,0
GCF_001038185.1.fna,g__Bradyrhizobium (UID3699),37,824,336,100.0,0.15,0.0,9138496,71783,8619,8619,408323,368,300,292,5676,5246,34.1,4.92,-100.0,-1,-1,0,823,1,0,0,0
GCF_001189235.2.fna,g__Bradyrhizobium (UID3699),37,824,336,99.96,0.74,0.0,8267832,66176,7736,7737,809967,373,304,296,4074,3838,34.1,5.74,-100.0,-1,-1,1,820,3,0,0,0
GCF_001189245.1.fna,g__Bradyrhizobium (UID3699),37,824,336,99.26,0.82,33.33,8711973,68441,8249,8250,202254,367,296,288,2077,1971,34.2,6.12,-100.0,-1,-1,9,809,6,0,0,0
GCF_001189845.1.fna,g__Bradyrhizobium (UID3699),37,824,336,98.4,2.37,0.0,9767314,76597,9391,9392,111450,358,290,282,9076,8469,34.1,4.99,-100.0,-1,-1,10,800,12,2,0,0
GCF_001238275.1.fna,g__Bradyrhizobium (UID3699),37,824,336,97.9,0.3,0.0,8811922,69136,8844,8845,138766,350,281,274,1840,1797,34.1,5.22,-100.0,-1,-1,18,805,1,0,0,0
GCF_001280585.1.fna,g__Bradyrhizobium (UID3699),37,824,336,99.99,0.3,0.0,8983878,70498,8400,8400,358317,374,303,294,5686,5250,34.0,5.14,-100.0,-1,-1,1,822,1,0,0,0
GCF_001439885.1.fna,g__Bradyrhizobium (UID3699),37,824,336,99.8,0.52,0.0,7904309,60224,7359,7359,396548,366,302,294,3902,3830,34.0,4.72,-100.0,-1,-1,2,819,3,0,0,0
GCF_001440015.1.fna,g__Bradyrhizobium (UID3699),37,824,336,98.93,0.61,0.0,8965178,69766,8386,8387,174050,371,298,290,3223,3034,34.2,5.37,-100.0,-1,-1,9,812,3,0,0,0
GCF_001440035.1.fna,g__Bradyrhizobium (UID3699),37,824,336,98.53,1.29,0.0,9145311,70349,8734,8734,225542,362,294,286,2546,2403,34.1,4.72,-100.0,-1,-1,13,804,7,0,0,0
GCF_001440385.1.fna,g__Bradyrhizobium (UID3699),37,824,336,100.0,1.95,0.0,9146476,70899,8929,8929,104988,357,284,276,5479,5381,34.2,5.46,-100.0,-1,-1,0,812,12,0,0,0
GCF_001440395.1.fna,g__Bradyrhizobium (UID3699),37,824,336,98.52,1.36,0.0,8738846,68500,8462,8463,84855,356,288,280,5471,5370,34.2,4.95,-100.0,-1,-1,10,803,11,0,0,0
GCF_001440405.1.fna,g__Bradyrhizobium (UID3699),37,824,336,98.05,1.74,0.0,8845258,68427,8748,8748,72962,347,278,271,4138,4064,34.3,5.02,-100.0,-1,-1,15,799,10,0,0,0
GCF_001440415.1.fna,g__Bradyrhizobium (UID3699),37,824,336,99.85,2.91,56.52,8466225,66210,8344,8344,131222,354,283,275,5479,5376,34.2,5.13,-100.0,-1,-1,2,799,23,0,0,0
GCF_001440475.1.fna,g__Bradyrhizobium (UID3699),37,824,336,99.54,0.58,0.0,8817291,69729,8536,8536,160353,355,291,283,3257,3182,34.2,5.32,-100.0,-1,-1,3,813,8,0,0,0
GCF_001542415.1.fna,g__Bradyrhizobium (UID3699),37,824,336,98.89,1.31,14.29,8722143,68805,8200,8201,173122,364,299,290,2405,2311,34.2,5.25,-100.0,-1,-1,10,807,7,0,0,0
GCF_001549695.1.fna,g__Bradyrhizobium (UID3699),37,824,336,99.29,0.6,0.0,10475157,80204,10459,10459,9780023,349,280,273,3873,3655,33.9,4.95,-100.0,-1,-1,6,816,2,0,0,0
GCF_001595995.1.fna,g__Bradyrhizobium (UID3699),37,824,336,99.65,0.59,0.0,8590559,66451,8229,8229,188836,366,295,287,5481,5382,34.0,5.03,-100.0,-1,-1,3,815,5,1,0,0
GCF_001641335.1.fna,g__Bradyrhizobium (UID3699),37,824,336,100.0,0.09,0.0,8801717,71300,8135,8135,1501053,376,310,301,9413,8835,34.0,4.9,-100.0,-1,-1,0,821,3,0,0,0
GCF_001641635.1.fna,g__Bradyrhizobium (UID3699),37,824,336,99.82,3.39,38.1,10111113,78004,9545,9545,140269,368,296,288,4537,4288,34.1,4.82,-100.0,-1,-1,3,804,15,2,0,0
GCF_001641695.1.fna,g__Bradyrhizobium (UID3699),37,824,336,99.59,1.26,37.5,8679329,68646,8158,8158,154093,371,301,293,5499,5202,34.0,4.74,-100.0,-1,-1,3,813,8,0,0,0
GCF_001642675.1.fna,g__Bradyrhizobium (UID3699),37,824,336,99.99,0.3,0.0,9106064,71367,8493,8493,9106064,371,304,296,5686,5256,34.0,4.84,-100.0,-1,-1,1,822,1,0,0,0
GCF_001693385.1.fna,g__Bradyrhizobium (UID3699),37,824,336,99.9,1.66,27.78,8322773,64701,7965,7965,8322773,362,292,284,5479,5378,34.3,5.45,-100.0,-1,-1,1,807,15,1,0,0
GCF_001693515.2.fna,g__Bradyrhizobium (UID3699),37,824,336,100.0,1.2,0.0,8377719,66536,7901,7901,8377719,369,300,291,5469,5367,34.1,5.46,-100.0,-1,-1,0,814,10,0,0,0
GCF_001718185.1.fna,g__Bradyrhizobium (UID3699),37,824,336,100.0,0.22,0.0,9202572,71344,8523,8524,363283,376,302,293,3308,3246,34.2,5.19,-100.0,-1,-1,0,821,3,0,0,0
GCF_001718205.1.fna,g__Bradyrhizobium (UID3699),37,824,336,100.0,0.22,0.0,9198916,71316,8525,8526,302740,376,302,293,3308,3246,34.2,5.19,-100.0,-1,-1,0,821,3,0,0,0
GCF_001868735.1.fna,g__Bradyrhizobium (UID3699),37,824,336,98.53,0.57,0.0,9529806,72777,9927,9928,21699,343,266,259,3101,3024,34.1,4.49,-100.0,-1,-1,17,803,4,0,0,0
GCF_001887695.1.fna,g__Bradyrhizobium (UID3699),37,824,336,100.0,0.3,0.0,10138651,79340,9526,9527,10138651,371,299,290,5677,5245,34.2,5.45,-100.0,-1,-1,0,823,1,0,0,0
GCF_001908315.1.fna,g__Bradyrhizobium (UID3699),37,824,336,99.99,0.3,0.0,9136536,71509,8515,8515,9136536,374,303,295,5686,5250,34.0,5.08,-100.0,-1,-1,1,822,1,0,0,0
GCF_001982635.1.fna,g__Bradyrhizobium (UID3699),37,824,336,99.67,3.99,34.48,8842857,71602,8140,8141,1006110,374,311,302,4471,4201,34.2,5.76,-100.0,-1,-1,2,801,17,4,0,0
GCF_002068095.1.fna,g__Bradyrhizobium (UID3699),37,824,336,98.31,1.19,66.67,8698798,66303,8176,8176,314112,365,298,290,2616,2474,34.0,5.76,-100.0,-1,-1,15,804,3,2,0,0
GCF_002108675.1.fna,g__Bradyrhizobium (UID3699),37,824,336,99.99,0.04,0.0,8299015,64107,7982,7983,270609,366,291,283,4942,4810,34.6,5.49,-100.0,-1,-1,1,822,1,0,0,0
GCF_002108695.1.fna,g__Bradyrhizobium (UID3699),37,824,336,99.99,0.0,0.0,8273379,64043,7937,7938,146548,366,292,284,4942,4810,34.2,5.3,-100.0,-1,-1,1,823,0,0,0,0
GCF_002108725.1.fna,g__Bradyrhizobium (UID3699),37,824,336,99.99,0.25,0.0,8291234,64230,7987,7988,202032,366,291,283,4942,4810,34.2,5.29,-100.0,-1,-1,1,821,2,0,0,0
GCF_002108745.1.fna,g__Bradyrhizobium (UID3699),37,824,336,99.99,0.4,0.0,8294491,64453,7968,7969,140764,366,292,284,4942,4810,34.2,5.29,-100.0,-1,-1,1,821,2,0,0,0
GCF_002108755.1.fna,g__Bradyrhizobium (UID3699),37,824,336,99.99,0.15,0.0,8267021,63985,7958,7959,102328,365,291,283,4942,4810,34.2,5.31,-100.0,-1,-1,1,822,1,0,0,0
GCF_002108775.1.fna,g__Bradyrhizobium (UID3699),37,824,336,99.99,0.71,0.0,8274608,63866,7961,7962,171855,365,292,284,2632,2450,34.3,5.23,-100.0,-1,-1,1,817,6,0,0,0
GCF_002108805.1.fna,g__Bradyrhizobium (UID3699),37,824,336,99.69,0.17,0.0,8376411,64486,8055,8056,168481,364,290,282,2632,2450,34.3,4.91,-100.0,-1,-1,2,820,2,0,0,0
GCF_002108825.1.fna,g__Bradyrhizobium (UID3699),37,824,336,99.99,0.3,0.0,8214782,63145,7904,7905,199090,365,291,283,3892,3640,34.2,5.13,-100.0,-1,-1,1,821,2,0,0,0
GCF_002108845.1.fna,g__Bradyrhizobium (UID3699),37,824,336,99.99,0.3,0.0,8216640,63489,7856,7857,152760,366,294,286,2632,2450,34.3,5.25,-100.0,-1,-1,1,821,2,0,0,0
GCF_002108865.1.fna,g__Bradyrhizobium (UID3699),37,824,336,99.99,0.31,0.0,8287509,63840,7945,7946,239857,365,292,284,2632,2450,34.3,5.2,-100.0,-1,-1,1,820,3,0,0,0
GCF_002108875.1.fna,g__Bradyrhizobium (UID3699),37,824,336,99.99,0.89,25.0,8288770,63869,7943,7944,201886,365,292,284,2632,2450,34.3,5.24,-100.0,-1,-1,1,819,4,0,0,0
GCF_002108905.1.fna,g__Bradyrhizobium (UID3699),37,824,336,99.69,0.02,0.0,8367860,64440,8026,8027,188349,364,291,283,2632,2450,34.3,4.95,-100.0,-1,-1,2,821,1,0,0,0
GCF_002108935.1.fna,g__Bradyrhizobium (UID3699),37,824,336,100.0,1.58,22.22,10442239,81596,10184,10185,131757,359,288,280,5621,5193,34.2,5.45,-100.0,-1,-1,0,815,9,0,0,0
GCF_002108965.1.fna,g__Bradyrhizobium (UID3699),37,824,336,99.99,0.72,0.0,8299676,64136,8020,8021,202394,364,291,283,2632,2450,34.3,5.25,-100.0,-1,-1,1,818,5,0,0,0
GCF_002108995.1.fna,g__Bradyrhizobium (UID3699),37,824,336,99.99,0.97,0.0,8279565,63898,7970,7971,201886,364,292,283,2632,2450,34.3,5.2,-100.0,-1,-1,1,818,5,0,0,0
GCF_002128415.1.fna,g__Bradyrhizobium (UID3699),37,824,336,94.25,0.51,20.0,7624764,55731,7806,7806,21600,336,265,258,1722,1679,34.4,4.51,-100.0,-1,-1,53,766,5,0,0,0
GCF_002266435.2.fna,g__Bradyrhizobium (UID3699),37,824,336,99.96,0.67,50.0,7044517,57305,6536,6537,7044517,378,316,307,14026,13241,34.1,4.92,-100.0,-1,-1,1,819,3,1,0,0
GCF_002266465.2.fna,g__Bradyrhizobium (UID3699),37,824,336,99.99,0.3,100.0,7039503,56162,6586,6587,7039503,379,311,302,3013,2940,34.1,4.93,-100.0,-1,-1,1,822,1,0,0,0
GCF_002278135.2.fna,g__Bradyrhizobium (UID3699),37,824,336,99.96,0.3,100.0,8606328,67094,8012,8012,8606328,374,304,295,5665,5245,34.0,4.72,-100.0,-1,-1,1,822,1,0,0,0
GCF_002531995.1.fna,g__Bradyrhizobium (UID3699),37,824,336,99.99,0.3,0.0,8941773,70252,8436,8436,367887,370,300,292,5686,5256,34.0,4.97,-100.0,-1,-1,1,822,1,0,0,0
GCF_002532025.1.fna,g__Bradyrhizobium (UID3699),37,824,336,99.96,0.11,0.0,8797357,68438,8295,8295,251037,370,298,290,5665,5250,34.1,4.85,-100.0,-1,-1,1,820,3,0,0,0
GCF_002776695.1.fna,g__Bradyrhizobium (UID3699),37,824,336,99.7,0.27,0.0,8199267,66056,7570,7570,8173839,377,315,306,11407,10882,34.1,5.33,-100.0,-1,-1,1,819,4,0,0,0
GCF_002795245.1.fna,g__Bradyrhizobium (UID3699),37,824,336,99.7,0.47,0.0,8252029,63606,7627,7627,169127,375,305,297,5535,5119,34.1,5.11,-100.0,-1,-1,1,819,4,0,0,0
GCF_003062295.1.fna,g__Bradyrhizobium (UID3699),37,824,336,99.4,3.18,10.53,8907982,69659,8718,8718,242378,357,287,279,2556,2499,34.1,5.34,-100.0,-1,-1,2,805,16,1,0,0
GCF_003183845.2.fna,g__Bradyrhizobium (UID3699),37,824,336,99.99,0.3,0.0,9270175,72299,8646,8646,9270175,372,303,295,5686,5256,34.0,4.97,-100.0,-1,-1,1,822,1,0,0,0
GCF_004022285.3.fna,g__Bradyrhizobium (UID3699),37,824,336,99.89,0.55,0.0,7541929,59015,7058,7058,442607,375,307,299,5480,5382,34.0,4.91,-100.0,-1,-1,2,819,3,0,0,0
GCF_004114425.1.fna,g__Bradyrhizobium (UID3699),37,824,336,99.69,0.22,0.0,8175609,62240,7761,7761,130263,366,294,286,2165,2105,34.1,5.42,-100.0,-1,-1,2,820,2,0,0,0
GCF_004114435.1.fna,g__Bradyrhizobium (UID3699),37,824,336,99.99,0.3,0.0,8665214,66013,8270,8270,130874,363,292,284,2560,2445,34.1,4.92,-100.0,-1,-1,1,822,1,0,0,0
GCF_004114445.1.fna,g__Bradyrhizobium (UID3699),37,824,336,99.32,0.47,20.0,8295279,64267,7660,7660,161864,371,304,295,8418,7794,34.1,4.92,-100.0,-1,-1,4,815,5,0,0,0
GCF_004114465.1.fna,g__Bradyrhizobium (UID3699),37,824,336,99.99,0.33,0.0,8230409,63137,7804,7804,304249,366,296,288,3639,3332,34.0,4.95,-100.0,-1,-1,1,821,2,0,0,0
GCF_004114475.1.fna,g__Bradyrhizobium (UID3699),37,824,336,99.32,0.82,14.29,8281579,66442,7803,7803,233452,373,306,298,8417,7792,34.2,5.24,-100.0,-1,-1,4,813,7,0,0,0
GCF_004114485.1.fna,g__Bradyrhizobium (UID3699),37,824,336,99.95,0.6,0.0,8587928,65423,8176,8176,136694,363,292,284,3639,3421,34.1,5.03,-100.0,-1,-1,3,819,2,0,0,0
GCF_004114535.1.fna,g__Bradyrhizobium (UID3699),37,824,336,99.96,0.21,0.0,8290088,63732,7747,7747,296098,369,300,292,3572,3276,34.1,5.0,-100.0,-1,-1,1,818,5,0,0,0
GCF_004114545.1.fna,g__Bradyrhizobium (UID3699),37,824,336,99.96,0.19,0.0,8226587,63183,7722,7722,262312,369,299,291,3572,3276,34.1,5.04,-100.0,-1,-1,1,820,3,0,0,0
GCF_004114915.1.fna,g__Bradyrhizobium (UID3699),37,824,336,100.0,0.32,33.33,8200121,64112,7797,7797,7220948,367,303,295,2302,2204,34.1,5.18,-100.0,-1,-1,0,821,3,0,0,0
GCF_004114935.1.fna,g__Bradyrhizobium (UID3699),37,824,336,99.99,0.0,0.0,9342022,70493,8858,8858,9342022,363,293,285,3639,3331,34.1,4.91,-100.0,-1,-1,1,823,0,0,0,0
GCF_004114955.1.fna,g__Bradyrhizobium (UID3699),37,824,336,99.32,0.47,20.0,8138177,65124,7655,7655,7158886,371,307,299,8418,7794,34.0,4.8,-100.0,-1,-1,4,815,5,0,0,0
GCF_004114975.1.fna,g__Bradyrhizobium (UID3699),37,824,336,99.31,0.98,16.67,8437991,66822,8042,8042,7456045,372,302,294,3967,3735,34.1,5.21,-100.0,-1,-1,3,815,6,0,0,0
GCF_004123905.1.fna,g__Bradyrhizobium (UID3699),37,824,336,99.96,0.52,0.0,8630250,70244,8124,8124,355265,373,309,300,5894,5440,34.0,4.96,-100.0,-1,-1,1,820,3,0,0,0
GCF_004152955.1.fna,g__Bradyrhizobium (UID3699),37,824,336,100.0,0.12,0.0,9196354,71325,8686,8687,752582,371,296,288,3037,2945,34.0,5.2,-100.0,-1,-1,0,822,2,0,0,0
GCF_004359355.1.fna,g__Bradyrhizobium (UID3699),37,824,336,99.99,0.3,0.0,8910608,70127,8283,8283,8910608,373,306,298,5686,5256,34.0,4.85,-100.0,-1,-1,1,822,1,0,0,0
GCF_004570865.1.fna,g__Bradyrhizobium (UID3699),37,824,336,100.0,0.15,0.0,8294086,64072,7848,7848,304001,368,298,290,3476,3254,34.0,4.71,-100.0,-1,-1,0,823,1,0,0,0
GCF_004571025.1.fna,g__Bradyrhizobium (UID3699),37,824,336,100.0,0.43,25.0,9787683,74863,9221,9221,217177,369,297,289,5581,5158,34.1,4.68,-100.0,-1,-1,0,820,4,0,0,0
GCF_004571045.1.fna,g__Bradyrhizobium (UID3699),37,824,336,100.0,0.37,0.0,8325748,63295,7887,7887,328664,368,297,289,3678,3618,33.9,4.69,-100.0,-1,-1,0,821,3,0,0,0
GCF_005298095.1.fna,g__Bradyrhizobium (UID3699),37,824,336,100.0,0.46,0.0,8780064,68463,8159,8160,279572,375,303,295,3232,3049,34.1,5.68,-100.0,-1,-1,0,821,3,0,0,0
GCF_006459165.1.fna,g__Bradyrhizobium (UID3699),37,824,336,99.95,0.0,0.0,7132395,56884,6673,6674,7132395,378,311,303,2775,2616,34.2,4.87,-100.0,-1,-1,2,822,0,0,0,0
GCF_006483445.1.fna,g__Bradyrhizobium (UID3699),37,824,336,96.34,0.49,0.0,6749210,55509,6513,6513,36974,368,304,296,4721,4361,33.9,5.52,-100.0,-1,-1,39,781,4,0,0,0
GCF_006539645.1.fna,g__Bradyrhizobium (UID3699),37,824,336,100.0,0.15,0.0,9096562,71494,8607,8607,168333,368,299,291,5676,5246,34.1,5.0,-100.0,-1,-1,0,823,1,0,0,0
GCF_006539665.1.fna,g__Bradyrhizobium (UID3699),37,824,336,100.0,0.89,25.0,9260234,71657,8819,8820,107583,369,294,286,3816,3748,34.0,5.1,-100.0,-1,-1,0,820,4,0,0,0
GCF_007290395.1.fna,g__Bradyrhizobium (UID3699),37,824,336,99.96,0.52,0.0,7304136,59010,6925,6926,7304136,375,309,301,5437,5048,34.1,5.1,-100.0,-1,-1,1,820,3,0,0,0
GCF_007827835.1.fna,g__Bradyrhizobium (UID3699),37,824,336,100.0,0.0,0.0,8989507,72552,8296,8296,1034218,376,309,301,9413,8835,34.0,4.94,-100.0,-1,-1,0,824,0,0,0,0
GCF_007828015.1.fna,g__Bradyrhizobium (UID3699),37,824,336,99.99,0.6,0.0,8528547,65681,7929,7929,682885,370,303,295,5617,5332,34.0,5.22,-100.0,-1,-1,1,820,3,0,0,0
GCF_007828095.1.fna,g__Bradyrhizobium (UID3699),37,824,336,99.99,0.6,0.0,8530034,65682,7934,7934,975651,370,303,295,5617,5332,34.0,5.22,-100.0,-1,-1,1,820,3,0,0,0
GCF_007830205.1.fna,g__Bradyrhizobium (UID3699),37,824,336,100.0,0.16,0.0,7889191,61380,7533,7533,276349,364,296,288,5476,5379,34.0,5.14,-100.0,-1,-1,0,822,2,0,0,0
GCF_007830575.1.fna,g__Bradyrhizobium (UID3699),37,824,336,99.9,0.61,0.0,8195566,62898,7848,7848,804019,364,294,286,5314,5220,33.9,5.01,-100.0,-1,-1,1,818,5,0,0,0
GCF_007830635.1.fna,g__Bradyrhizobium (UID3699),37,824,336,100.0,0.33,0.0,9226856,71789,8719,8719,244862,372,299,291,5676,5396,33.9,5.06,-100.0,-1,-1,0,822,2,0,0,0
GCF_007993935.1.fna,g__Bradyrhizobium (UID3699),37,824,336,100.0,1.09,0.0,8820234,70850,8014,8015,449538,379,313,305,5021,4801,34.1,5.67,-100.0,-1,-1,0,819,4,1,0,0
GCF_008123425.1.fna,g__Bradyrhizobium (UID3699),37,824,336,99.75,1.47,14.29,9952932,80225,9506,9506,152866,368,300,291,4532,4294,34.1,4.87,-100.0,-1,-1,2,815,7,0,0,0
GCF_008123515.1.fna,g__Bradyrhizobium (UID3699),37,824,336,100.0,0.64,20.0,8854489,70439,8451,8452,126158,365,297,289,4222,3956,34.1,5.56,-100.0,-1,-1,0,819,5,0,0,0
GCF_008123965.1.fna,g__Bradyrhizobium (UID3699),37,824,336,99.9,1.93,11.11,8826946,67896,8457,8457,63341,369,292,284,3361,3145,34.0,5.06,-100.0,-1,-1,1,814,9,0,0,0
GCF_008932115.1.fna,g__Bradyrhizobium (UID3699),37,824,336,99.81,1.0,12.5,7419402,59750,7104,7105,7150095,375,304,295,5444,5043,34.0,5.52,-100.0,-1,-1,2,814,8,0,0,0
GCF_009758375.1.fna,g__Bradyrhizobium (UID3699),37,824,336,99.9,0.9,33.33,8125063,62641,7591,7591,175132,371,303,295,5480,5377,34.0,4.85,-100.0,-1,-1,1,817,6,0,0,0
GCF_009759665.1.fna,g__Bradyrhizobium (UID3699),37,824,336,99.63,0.6,33.33,8381257,65439,7676,7676,179194,378,310,302,4801,4505,34.1,4.75,-100.0,-1,-1,2,819,3,0,0,0
GCF_009759865.1.fna,g__Bradyrhizobium (UID3699),37,824,336,100.0,0.55,0.0,9051373,70759,8459,8460,179470,374,300,292,3229,3039,34.2,5.23,-100.0,-1,-1,0,821,3,0,0,0
GCF_009864815.1.fna,g__Bradyrhizobium (UID3699),37,824,336,100.0,0.22,0.0,9160231,71920,8663,8663,500617,368,299,291,5676,5246,34.1,4.84,-100.0,-1,-1,0,822,2,0,0,0
GCF_010811875.1.fna,g__Bradyrhizobium (UID3699),37,824,336,99.85,1.82,70.83,9972761,78931,10053,10054,30938,358,277,269,4066,3844,34.2,5.63,-100.0,-1,-1,3,804,15,1,1,0
GCF_011516645.4.fna,g__Bradyrhizobium (UID3699),37,824,336,99.92,0.55,0.0,10410654,81134,9996,9997,9800371,371,292,284,11152,10943,34.1,5.5,-100.0,-1,-1,3,816,5,0,0,0
GCF_011604625.1.fna,g__Bradyrhizobium (UID3699),37,824,336,99.99,0.3,0.0,9157024,71651,8532,8532,9157024,374,304,295,5686,5250,34.0,5.08,-100.0,-1,-1,1,822,1,0,0,0
GCF_011604645.1.fna,g__Bradyrhizobium (UID3699),37,824,336,99.99,0.3,100.0,7005100,55999,6559,6560,7005100,378,310,301,5812,5475,34.1,5.06,-100.0,-1,-1,1,822,1,0,0,0
GCF_011604665.1.fna,g__Bradyrhizobium (UID3699),37,824,336,99.95,0.3,100.0,6920286,55273,6525,6526,6920286,376,309,301,2775,2568,34.1,5.19,-100.0,-1,-1,2,819,3,0,0,0
GCF_012689435.1.fna,g__Bradyrhizobium (UID3699),37,824,336,100.0,0.45,0.0,9178787,71257,8774,8775,98915,368,292,284,3037,2945,34.2,5.07,-100.0,-1,-1,0,822,2,0,0,0
GCF_012871055.1.fna,g__Bradyrhizobium (UID3699),37,824,336,99.91,0.52,75.0,9649995,74669,9165,9166,9548186,372,294,286,3320,3129,34.0,5.32,-100.0,-1,-1,2,818,4,0,0,0
GCF_013114825.1.fna,g__Bradyrhizobium (UID3699),37,824,336,99.99,1.08,0.0,7436256,57519,7204,7204,720641,356,285,277,2156,2099,34.1,6.28,-100.0,-1,-1,1,816,7,0,0,0
GCF_013114835.1.fna,g__Bradyrhizobium (UID3699),37,824,336,99.93,1.03,28.57,7017218,55048,6659,6659,804703,363,296,287,2156,2097,34.0,5.38,-100.0,-1,-1,1,816,7,0,0,0
GCF_013373785.3.fna,g__Bradyrhizobium (UID3699),37,824,336,99.65,0.75,0.0,10679141,83420,10248,10249,9880762,372,292,284,11392,11175,34.2,5.01,-100.0,-1,-1,3,815,6,0,0,0
GCF_013373795.3.fna,g__Bradyrhizobium (UID3699),37,824,336,99.67,0.97,44.44,9172345,72615,8782,8783,8740742,369,296,287,4060,3844,34.1,5.94,-100.0,-1,-1,2,813,9,0,0,0
GCF_013390305.1.fna,g__Bradyrhizobium (UID3699),37,824,336,99.99,0.3,0.0,8995154,70721,8382,8382,8995154,374,305,297,5686,5256,33.9,4.96,-100.0,-1,-1,1,822,1,0,0,0
GCF_013392745.1.fna,g__Bradyrhizobium (UID3699),37,824,336,100.0,0.0,0.0,9394046,72372,8963,8964,125183,370,292,284,3037,2945,34.0,5.07,-100.0,-1,-1,0,824,0,0,0,0
GCF_013392765.1.fna,g__Bradyrhizobium (UID3699),37,824,336,99.56,0.15,0.0,9522904,73186,9163,9164,74188,367,290,282,2373,2191,34.1,5.02,-100.0,-1,-1,3,820,1,0,0,0
GCF_013752735.1.fna,g__Bradyrhizobium (UID3699),37,824,336,100.0,0.22,0.0,9226248,72415,8676,8676,9226248,369,301,292,5676,5246,34.1,4.8,-100.0,-1,-1,0,822,2,0,0,0
GCF_014163415.1.fna,g__Bradyrhizobium (UID3699),37,824,336,99.99,0.45,0.0,9177979,72018,8624,8624,9177979,371,301,293,5686,5256,34.0,4.84,-100.0,-1,-1,1,821,2,0,0,0
GCF_014163435.1.fna,g__Bradyrhizobium (UID3699),37,824,336,99.99,0.45,0.0,9535585,74552,8945,8945,9535585,371,300,292,5686,5256,34.0,4.94,-100.0,-1,-1,1,821,2,0,0,0
GCF_014163455.1.fna,g__Bradyrhizobium (UID3699),37,824,336,99.99,0.3,0.0,9109292,71126,8530,8530,9109292,370,302,294,5686,5256,34.0,5.16,-100.0,-1,-1,1,822,1,0,0,0
GCF_014163475.1.fna,g__Bradyrhizobium (UID3699),37,824,336,99.99,0.3,0.0,9432644,73798,8868,8868,9432644,368,300,291,5686,5256,34.0,5.17,-100.0,-1,-1,1,822,1,0,0,0
GCF_014529705.1.fna,g__Bradyrhizobium (UID3699),37,824,336,99.7,2.31,40.0,9084813,73795,8764,8764,110456,373,302,294,7035,6516,33.9,5.31,-100.0,-1,-1,1,808,15,0,0,0
GCF_014530645.1.fna,g__Bradyrhizobium (UID3699),37,824,336,99.69,0.43,60.0,8871850,71605,8416,8416,112187,373,308,299,6011,5657,33.9,5.38,-100.0,-1,-1,2,817,5,0,0,0
GCF_014640515.1.fna,g__Bradyrhizobium (UID3699),37,824,336,99.31,0.98,16.67,8371096,66177,8031,8031,276392,369,300,291,3930,3640,34.1,5.28,-100.0,-1,-1,3,815,6,0,0,0
GCF_015291685.1.fna,g__Bradyrhizobium (UID3699),37,824,336,99.31,0.98,16.67,8436603,66799,8036,8036,7454657,372,302,294,3967,3735,34.1,5.21,-100.0,-1,-1,3,815,6,0,0,0
GCF_015291705.1.fna,g__Bradyrhizobium (UID3699),37,824,336,100.0,0.3,0.0,9865973,76419,9313,9313,9865973,365,297,289,5645,5361,33.9,5.05,-100.0,-1,-1,0,822,2,0,0,0
GCF_016031625.1.fna,g__Bradyrhizobium (UID3699),37,824,336,99.75,0.37,50.0,7877331,60441,7293,7293,251874,374,305,296,5731,5431,33.9,4.94,-100.0,-1,-1,2,820,2,0,0,0
GCF_016031635.1.fna,g__Bradyrhizobium (UID3699),37,824,336,99.7,1.26,22.22,8450368,65365,8054,8054,198871,367,300,292,5481,5384,34.1,5.18,-100.0,-1,-1,1,816,6,1,0,0
GCF_016031655.1.fna,g__Bradyrhizobium (UID3699),37,824,336,99.9,0.34,66.67,7794411,59670,7393,7393,202190,364,296,288,2148,2089,34.0,4.92,-100.0,-1,-1,1,820,3,0,0,0
GCF_016599855.1.fna,g__Bradyrhizobium (UID3699),37,824,336,99.62,0.17,50.0,7100878,55967,6674,6674,7100878,376,303,295,4203,3980,34.1,5.09,-100.0,-1,-1,3,817,4,0,0,0
GCF_016612535.1.fna,g__Bradyrhizobium (UID3699),37,824,336,99.62,0.94,25.0,7989248,63968,7593,7594,3065835,374,302,293,3676,3448,34.3,5.44,-100.0,-1,-1,3,809,12,0,0,0
GCF_016616235.1.fna,g__Bradyrhizobium (UID3699),37,824,336,100.0,0.45,0.0,7668734,59901,7211,7211,7668734,374,302,294,4533,4297,34.1,5.77,-100.0,-1,-1,0,821,3,0,0,0
GCF_016616425.1.fna,g__Bradyrhizobium (UID3699),37,824,336,99.57,0.48,0.0,7144346,54851,6709,6709,7144346,375,300,292,8589,8100,34.2,5.25,-100.0,-1,-1,5,811,8,0,0,0
GCF_016616885.1.fna,g__Bradyrhizobium (UID3699),37,824,336,99.7,0.0,0.0,8085095,64486,7588,7588,8085095,378,305,296,4467,4237,34.1,5.53,-100.0,-1,-1,1,823,0,0,0,0
GCF_016907215.1.fna,g__Bradyrhizobium (UID3699),37,824,336,99.99,0.13,0.0,7995639,62177,7546,7547,7995639,367,298,290,7031,6574,34.2,5.39,-100.0,-1,-1,1,821,2,0,0,0
GCF_017493175.3.fna,g__Bradyrhizobium (UID3699),37,824,336,99.85,0.97,50.0,8753169,69399,8252,8253,8549412,373,302,293,4966,4861,34.2,5.98,-100.0,-1,-1,1,817,6,0,0,0
GCF_017614905.1.fna,g__Bradyrhizobium (UID3699),37,824,336,99.7,1.24,0.0,8942605,71908,8462,8462,347876,369,299,290,4029,3843,34.4,6.01,-100.0,-1,-1,1,817,5,1,0,0
GCF_017788805.1.fna,g__Bradyrhizobium (UID3699),37,824,336,99.69,0.45,25.0,7857394,59746,7440,7440,87613,368,295,287,2165,2106,34.1,5.29,-100.0,-1,-1,2,818,4,0,0,0
GCF_017834125.1.fna,g__Bradyrhizobium (UID3699),37,824,336,100.0,0.0,0.0,9929849,76583,9418,9419,9879115,370,294,286,3241,3052,34.0,5.26,-100.0,-1,-1,0,824,0,0,0,0
GCF_017876705.1.fna,g__Bradyrhizobium (UID3699),37,824,336,100.0,0.3,0.0,9664136,74106,9083,9084,9264663,373,297,289,3241,3075,34.0,5.22,-100.0,-1,-1,0,822,2,0,0,0
GCF_018129385.1.fna,g__Bradyrhizobium (UID3699),37,824,336,99.01,0.17,0.0,7240814,61510,6842,6843,260466,368,309,299,5941,5552,34.3,5.64,-100.0,-1,-1,8,814,2,0,0,0
GCF_018129405.1.fna,g__Bradyrhizobium (UID3699),37,824,336,100.0,0.33,0.0,8103393,64754,7591,7591,296517,373,310,302,9513,8907,33.9,5.05,-100.0,-1,-1,0,822,2,0,0,0
GCF_018129445.1.fna,g__Bradyrhizobium (UID3699),37,824,336,99.96,0.13,0.0,7749914,63487,7154,7155,393011,378,314,305,4428,4136,34.1,5.86,-100.0,-1,-1,1,821,2,0,0,0
GCF_018129465.1.fna,g__Bradyrhizobium (UID3699),37,824,336,99.9,0.0,0.0,7566010,59505,7077,7077,526761,372,308,299,5568,5159,33.8,4.51,-100.0,-1,-1,1,823,0,0,0,0
GCF_018129505.1.fna,g__Bradyrhizobium (UID3699),37,824,336,99.96,1.1,0.0,7957505,65375,7404,7405,288104,378,312,303,4428,4136,34.1,6.11,-100.0,-1,-1,1,812,10,1,0,0
GCF_018129525.1.fna,g__Bradyrhizobium (UID3699),37,824,336,99.69,1.04,0.0,8495489,62734,7721,7721,175090,384,315,307,3938,3864,33.2,4.9,-100.0,-1,-1,2,814,8,0,0,0
GCF_018129535.1.fna,g__Bradyrhizobium (UID3699),37,824,336,99.96,0.13,0.0,7742130,63443,7142,7143,333978,378,314,305,4428,4136,34.1,6.08,-100.0,-1,-1,1,821,2,0,0,0
GCF_018129585.1.fna,g__Bradyrhizobium (UID3699),37,824,336,99.96,0.13,0.0,7748108,63480,7145,7146,270913,378,314,306,4428,4136,34.1,5.95,-100.0,-1,-1,1,821,2,0,0,0
GCF_018129645.1.fna,g__Bradyrhizobium (UID3699),37,824,336,99.67,1.06,0.0,7151866,57750,6656,6657,218178,379,312,303,4348,4122,34.0,5.28,-100.0,-1,-1,2,815,6,0,1,0
GCF_018129685.1.fna,g__Bradyrhizobium (UID3699),37,824,336,99.62,0.66,0.0,7480816,60498,7030,7030,333235,377,308,299,8692,8080,33.9,5.16,-100.0,-1,-1,3,816,4,0,1,0
GCF_018129705.1.fna,g__Bradyrhizobium (UID3699),37,824,336,99.67,1.06,0.0,7148721,57687,6648,6649,215940,379,312,303,4348,4122,34.0,5.36,-100.0,-1,-1,2,815,6,0,1,0
GCF_018129745.1.fna,g__Bradyrhizobium (UID3699),37,824,336,99.96,0.43,50.0,7753700,63481,7146,7147,400028,378,315,306,4428,4136,34.1,5.89,-100.0,-1,-1,1,819,4,0,0,0
GCF_018129755.1.fna,g__Bradyrhizobium (UID3699),37,824,336,99.67,1.06,0.0,7119512,57550,6614,6615,237121,379,312,304,4348,4122,34.0,5.28,-100.0,-1,-1,2,815,6,0,1,0
GCF_018129785.1.fna,g__Bradyrhizobium (UID3699),37,824,336,99.67,1.06,0.0,7146295,57730,6651,6652,226176,379,312,303,4348,4122,34.0,5.31,-100.0,-1,-1,2,815,6,0,1,0
GCF_018129805.1.fna,g__Bradyrhizobium (UID3699),37,824,336,99.67,1.06,0.0,7121551,57525,6613,6614,237121,380,312,304,4348,4122,34.0,5.3,-100.0,-1,-1,2,815,6,0,1,0
GCF_018129855.1.fna,g__Bradyrhizobium (UID3699),37,824,336,100.0,0.89,0.0,10464760,81182,10469,10469,58279,357,278,270,4557,4206,34.1,5.2,-100.0,-1,-1,0,821,3,0,0,0
GCF_018129885.1.fna,g__Bradyrhizobium (UID3699),37,824,336,99.96,0.13,0.0,7747383,63509,7150,7151,257838,378,314,305,4428,4136,34.1,5.92,-100.0,-1,-1,1,821,2,0,0,0
GCF_018129905.1.fna,g__Bradyrhizobium (UID3699),37,824,336,99.96,0.13,0.0,7745264,63469,7144,7145,393011,378,314,306,4428,4136,34.1,5.84,-100.0,-1,-1,1,821,2,0,0,0
GCF_018129925.1.fna,g__Bradyrhizobium (UID3699),37,824,336,99.65,1.06,0.0,7134077,57558,6638,6639,256594,379,312,303,4348,4122,34.0,5.3,-100.0,-1,-1,3,814,6,0,1,0
GCF_018129935.1.fna,g__Bradyrhizobium (UID3699),37,824,336,99.67,1.06,0.0,7141560,57680,6646,6647,237121,379,312,303,4348,4122,34.0,5.33,-100.0,-1,-1,2,815,6,0,1,0
GCF_018129965.1.fna,g__Bradyrhizobium (UID3699),37,824,336,99.65,1.06,0.0,7132833,57604,6630,6631,221556,379,312,303,4348,4122,34.0,5.33,-100.0,-1,-1,3,814,6,0,1,0
GCF_018129985.1.fna,g__Bradyrhizobium (UID3699),37,824,336,99.95,0.2,0.0,7171628,57378,6758,6759,488983,375,307,299,13774,12991,34.0,4.78,-100.0,-1,-1,2,820,2,0,0,0
GCF_018129995.1.fna,g__Bradyrhizobium (UID3699),37,824,336,99.83,4.76,100.0,7415067,60176,6944,6945,1033411,378,312,303,9529,8933,34.1,4.79,-100.0,-1,-1,4,787,33,0,0,0
GCF_018130025.1.fna,g__Bradyrhizobium (UID3699),37,824,336,99.96,1.1,0.0,7954984,65361,7410,7411,401898,377,312,303,4428,4136,34.1,6.09,-100.0,-1,-1,1,812,10,1,0,0
GCF_018130035.1.fna,g__Bradyrhizobium (UID3699),37,824,336,99.96,0.0,0.0,7423204,59629,6918,6918,290345,378,313,304,10844,10326,34.1,5.37,-100.0,-1,-1,1,823,0,0,0,0
GCF_018130215.1.fna,g__Bradyrhizobium (UID3699),37,824,336,100.0,0.76,0.0,8547214,66842,8117,8118,136341,373,300,292,2093,1989,34.3,5.43,-100.0,-1,-1,0,820,3,1,0,0
GCF_018130245.1.fna,g__Bradyrhizobium (UID3699),37,824,336,100.0,0.1,0.0,7359052,58297,6853,6853,328915,378,312,303,3867,3695,33.9,4.91,-100.0,-1,-1,0,823,1,0,0,0
GCF_018130265.1.fna,g__Bradyrhizobium (UID3699),37,824,336,99.96,0.0,0.0,7436832,59146,6913,6913,324520,377,312,303,5665,5245,34.0,4.83,-100.0,-1,-1,1,823,0,0,0,0
GCF_018130275.1.fna,g__Bradyrhizobium (UID3699),37,824,336,100.0,0.73,0.0,10339975,80466,10418,10418,63959,354,277,269,5677,5273,34.0,5.33,-100.0,-1,-1,0,820,4,0,0,0
GCF_018130305.1.fna,g__Bradyrhizobium (UID3699),37,824,336,99.7,0.0,0.0,7242859,58271,6861,6861,417027,374,308,300,5654,5228,34.0,5.12,-100.0,-1,-1,1,823,0,0,0,0
GCF_018130365.1.fna,g__Bradyrhizobium (UID3699),37,824,336,100.0,0.5,0.0,9032875,70753,8547,8547,537106,369,301,293,5676,5249,34.0,4.66,-100.0,-1,-1,0,821,3,0,0,0
GCF_018130405.1.fna,g__Bradyrhizobium (UID3699),37,824,336,99.96,0.0,0.0,7553862,60147,7027,7027,422884,376,311,302,5665,5245,34.0,4.94,-100.0,-1,-1,1,823,0,0,0,0
GCF_018130425.1.fna,g__Bradyrhizobium (UID3699),37,824,336,99.96,0.0,0.0,8343549,64734,7723,7723,336855,376,304,296,5665,5250,34.0,5.08,-100.0,-1,-1,1,823,0,0,0,0
GCF_018130445.1.fna,g__Bradyrhizobium (UID3699),37,824,336,100.0,1.04,0.0,10239478,79244,10215,10215,53353,355,279,272,5314,4920,34.1,5.38,-100.0,-1,-1,0,820,4,0,0,0
GCF_018130465.1.fna,g__Bradyrhizobium (UID3699),37,824,336,99.59,0.29,0.0,7511607,61098,7033,7034,398686,376,312,303,5444,5047,34.1,4.69,-100.0,-1,-1,3,817,4,0,0,0
GCF_018130485.1.fna,g__Bradyrhizobium (UID3699),37,824,336,99.69,0.3,0.0,9626510,73605,9529,9529,52181,355,282,274,3598,3317,34.0,4.84,-100.0,-1,-1,2,821,1,0,0,0
GCF_018130505.1.fna,g__Bradyrhizobium (UID3699),37,824,336,99.96,0.5,0.0,7494187,62119,6949,6950,449340,376,312,303,4431,4173,34.3,6.17,-100.0,-1,-1,1,820,3,0,0,0
GCF_018130525.1.fna,g__Bradyrhizobium (UID3699),37,824,336,100.0,0.69,0.0,10642753,82343,10680,10680,63984,356,279,271,5871,5776,34.1,5.12,-100.0,-1,-1,0,821,3,0,0,0
GCF_018130545.1.fna,g__Bradyrhizobium (UID3699),37,824,336,100.0,1.5,7.69,8382111,68706,7771,7772,868356,375,313,305,10153,9497,34.2,5.57,-100.0,-1,-1,0,813,10,1,0,0
GCF_018130565.1.fna,g__Bradyrhizobium (UID3699),37,824,336,99.95,0.6,0.0,7930038,62166,7435,7435,448112,372,305,297,5445,5035,34.1,4.86,-100.0,-1,-1,2,820,2,0,0,0
GCF_018130585.1.fna,g__Bradyrhizobium (UID3699),37,824,336,99.69,0.0,0.0,9646558,74426,9604,9604,52235,354,280,272,3598,3317,33.9,4.91,-100.0,-1,-1,2,822,0,0,0,0
GCF_018130595.1.fna,g__Bradyrhizobium (UID3699),37,824,336,100.0,1.19,0.0,10181330,79694,10219,10219,67591,356,279,271,4557,4206,34.2,5.23,-100.0,-1,-1,0,820,4,0,0,0
GCF_018130615.1.fna,g__Bradyrhizobium (UID3699),37,824,336,100.0,1.07,0.0,7776092,63386,7306,7306,303339,375,311,303,5625,5187,34.0,5.0,-100.0,-1,-1,0,818,6,0,0,0
GCF_018130635.1.fna,g__Bradyrhizobium (UID3699),37,824,336,99.69,0.3,0.0,9600591,73428,9475,9475,52094,356,283,275,3598,3317,34.0,4.82,-100.0,-1,-1,2,821,1,0,0,0
GCF_018130665.1.fna,g__Bradyrhizobium (UID3699),37,824,336,99.85,2.45,0.0,7885802,64185,7407,7407,505207,377,311,303,5729,5278,34.0,5.06,-100.0,-1,-1,1,811,9,3,0,0
GCF_018130685.1.fna,g__Bradyrhizobium (UID3699),37,824,336,99.95,0.45,0.0,7608398,60299,7138,7138,1030357,374,309,300,5445,5034,34.0,4.68,-100.0,-1,-1,2,820,2,0,0,0
GCF_018130695.1.fna,g__Bradyrhizobium (UID3699),37,824,336,99.85,1.89,21.43,8680666,70359,8196,8197,234736,367,307,298,2662,2480,34.1,5.55,-100.0,-1,-1,1,809,14,0,0,0
GCF_018130725.1.fna,g__Bradyrhizobium (UID3699),37,824,336,100.0,0.52,0.0,8274914,66333,7631,7631,567320,377,314,306,5752,5450,34.1,5.1,-100.0,-1,-1,0,819,5,0,0,0
GCF_018130735.1.fna,g__Bradyrhizobium (UID3699),37,824,336,100.0,0.35,0.0,8637816,68258,8189,8189,422786,371,304,295,5676,5246,34.0,4.8,-100.0,-1,-1,0,822,2,0,0,0
GCF_018130765.1.fna,g__Bradyrhizobium (UID3699),37,824,336,100.0,0.0,0.0,8380017,68328,7760,7760,257931,379,316,307,9361,8769,33.9,5.26,-100.0,-1,-1,0,824,0,0,0,0
GCF_018130785.1.fna,g__Bradyrhizobium (UID3699),37,824,336,99.99,0.07,100.0,8301925,66200,7799,7799,240128,374,306,298,5550,5131,34.0,4.88,-100.0,-1,-1,1,822,1,0,0,0
GCF_018130795.1.fna,g__Bradyrhizobium (UID3699),37,824,336,100.0,0.0,0.0,8593443,67860,8150,8150,936985,372,303,294,5676,5252,34.1,4.8,-100.0,-1,-1,0,824,0,0,0,0
GCF_018130825.1.fna,g__Bradyrhizobium (UID3699),37,824,336,100.0,0.0,0.0,8076746,64796,7551,7551,685377,376,312,303,5802,5512,33.9,4.83,-100.0,-1,-1,0,824,0,0,0,0
GCF_018130835.1.fna,g__Bradyrhizobium (UID3699),37,824,336,99.9,0.3,0.0,8963235,70683,8531,8531,419395,368,300,291,5676,5249,34.1,4.91,-100.0,-1,-1,1,822,1,0,0,0
GCF_018130855.1.fna,g__Bradyrhizobium (UID3699),37,824,336,99.69,0.0,0.0,8264038,66211,7665,7665,433663,376,313,305,5755,5444,34.1,5.18,-100.0,-1,-1,2,822,0,0,0,0
GCF_018130895.1.fna,g__Bradyrhizobium (UID3699),37,824,336,99.51,1.19,20.0,7209264,58388,6730,6730,405587,381,313,304,6288,5951,34.1,5.45,-100.0,-1,-1,3,818,2,1,0,0
GCF_018130925.1.fna,g__Bradyrhizobium (UID3699),37,824,336,100.0,0.0,0.0,8872941,69555,8416,8416,593351,369,301,292,5676,5252,34.0,4.85,-100.0,-1,-1,0,824,0,0,0,0
GCF_018130945.1.fna,g__Bradyrhizobium (UID3699),37,824,336,99.7,0.98,0.0,8360168,67858,7810,7810,386452,373,310,301,5622,5194,34.0,5.49,-100.0,-1,-1,1,817,6,0,0,0
GCF_018130955.1.fna,g__Bradyrhizobium (UID3699),37,824,336,99.81,0.43,0.0,8293018,66689,7873,7873,102387,371,302,293,5251,4851,34.0,5.37,-100.0,-1,-1,2,819,3,0,0,0
GCF_018130985.1.fna,g__Bradyrhizobium (UID3699),37,824,336,99.39,1.02,0.0,7585183,61930,7114,7114,314403,376,313,304,5521,5093,33.9,5.08,-100.0,-1,-1,3,816,5,0,0,0
GCF_018131005.1.fna,g__Bradyrhizobium (UID3699),37,824,336,99.58,0.5,0.0,7320283,59111,6927,6927,607227,372,298,290,2987,2777,34.3,5.78,-100.0,-1,-1,4,817,3,0,0,0
GCF_018131015.1.fna,g__Bradyrhizobium (UID3699),37,824,336,99.51,0.3,0.0,7095320,56897,6678,6678,209377,379,310,301,6287,5956,34.0,5.25,-100.0,-1,-1,3,820,1,0,0,0
GCF_018131045.1.fna,g__Bradyrhizobium (UID3699),37,824,336,99.67,0.33,0.0,8713111,67981,8019,8020,150833,376,305,297,2981,2924,34.2,5.46,-100.0,-1,-1,2,820,2,0,0,0
GCF_018131105.1.fna,g__Bradyrhizobium (UID3699),37,824,336,99.11,0.07,0.0,6871711,57585,6414,6415,4260718,380,315,306,9589,9031,34.1,5.13,-100.0,-1,-1,3,819,2,0,0,0
GCF_018131115.1.fna,g__Bradyrhizobium (UID3699),37,824,336,100.0,1.32,0.0,8922453,69756,8478,8479,124175,374,299,291,2093,1989,34.4,5.38,-100.0,-1,-1,0,816,7,1,0,0
GCF_018131145.1.fna,g__Bradyrhizobium (UID3699),37,824,336,99.7,0.0,0.0,7080073,57418,6702,6702,1119287,375,309,301,5110,4720,34.0,5.37,-100.0,-1,-1,1,823,0,0,0,0
GCF_018131165.1.fna,g__Bradyrhizobium (UID3699),37,824,336,99.7,0.0,0.0,7076265,57345,6700,6700,757700,375,309,300,5227,4828,34.0,5.36,-100.0,-1,-1,1,823,0,0,0,0
GCF_018131185.1.fna,g__Bradyrhizobium (UID3699),37,824,336,100.0,0.3,0.0,6943378,56099,6493,6493,905187,375,314,305,9833,9278,34.1,4.88,-100.0,-1,-1,0,823,1,0,0,0
GCF_018131235.1.fna,g__Bradyrhizobium (UID3699),37,824,336,99.96,0.0,0.0,8434277,65593,7855,7855,319336,373,303,294,5665,5247,34.1,4.81,-100.0,-1,-1,1,823,0,0,0,0
GCF_019402665.1.fna,g__Bradyrhizobium (UID3699),37,824,336,99.99,0.1,0.0,8561472,66754,8184,8185,130886,364,295,287,5623,5226,34.2,5.15,-100.0,-1,-1,1,822,1,0,0,0
GCF_020194315.1.fna,g__Bradyrhizobium (UID3699),37,824,336,99.9,1.11,12.5,8271598,63491,7800,7800,204514,368,299,291,5478,5382,34.0,4.71,-100.0,-1,-1,1,817,5,1,0,0
GCF_020889685.1.fna,g__Bradyrhizobium (UID3699),37,824,336,99.74,1.55,0.0,9043029,72163,8709,8710,36050,363,292,284,4380,4099,34.3,4.82,-100.0,-1,-1,3,812,9,0,0,0
GCF_020889705.1.fna,g__Bradyrhizobium (UID3699),37,824,336,98.83,1.19,0.0,9758985,76691,9656,9657,28950,352,280,272,3992,3796,34.2,5.28,-100.0,-1,-1,9,807,8,0,0,0
GCF_020889715.1.fna,g__Bradyrhizobium (UID3699),37,824,336,99.01,2.03,8.33,9072283,70919,8997,8998,17537,356,282,274,3825,3757,34.1,4.48,-100.0,-1,-1,13,801,9,1,0,0
GCF_020889745.1.fna,g__Bradyrhizobium (UID3699),37,824,336,99.03,1.29,30.0,9412857,72859,9332,9333,19201,351,281,273,3242,3018,34.0,4.23,-100.0,-1,-1,10,804,10,0,0,0
GCF_020889755.1.fna,g__Bradyrhizobium (UID3699),37,824,336,99.3,1.18,16.67,9236472,71752,9069,9070,28398,358,284,276,3223,3036,34.2,4.59,-100.0,-1,-1,7,811,6,0,0,0
GCF_020889785.1.fna,g__Bradyrhizobium (UID3699),37,824,336,99.4,1.3,0.0,8471967,67399,8102,8103,47328,365,296,288,3939,3731,34.2,5.39,-100.0,-1,-1,7,807,10,0,0,0
GCF_021044685.1.fna,g__Bradyrhizobium (UID3699),37,824,336,100.0,0.16,0.0,7998085,62153,7566,7566,7998085,366,299,291,5476,5379,34.0,5.08,-100.0,-1,-1,0,822,2,0,0,0
GCF_021052245.1.fna,g__Bradyrhizobium (UID3699),37,824,336,99.99,0.61,0.0,7785529,60997,7287,7288,7785529,372,302,293,4203,3892,34.2,5.02,-100.0,-1,-1,1,820,3,0,0,0
GCF_021052265.1.fna,g__Bradyrhizobium (UID3699),37,824,336,100.0,0.0,0.0,9825352,75838,9209,9209,9825352,366,299,290,5645,5361,34.0,4.92,-100.0,-1,-1,0,824,0,0,0,0
GCF_021052285.1.fna,g__Bradyrhizobium (UID3699),37,824,336,99.99,0.3,0.0,9136715,71505,8521,8521,9136715,374,303,295,5686,5250,34.0,5.08,-100.0,-1,-1,1,822,1,0,0,0
GCF_021052305.1.fna,g__Bradyrhizobium (UID3699),37,824,336,99.99,0.07,0.0,7868972,61525,7455,7456,7868972,369,299,291,2812,2607,34.2,5.36,-100.0,-1,-1,1,822,1,0,0,0
GCF_021052365.1.fna,g__Bradyrhizobium (UID3699),37,824,336,100.0,0.79,0.0,10502301,81655,10107,10108,9625657,364,293,285,5677,5245,34.1,5.69,-100.0,-1,-1,0,818,6,0,0,0
GCF_021213785.1.fna,g__Bradyrhizobium (UID3699),37,824,336,100.0,0.3,0.0,9561677,74146,9175,9175,286945,365,292,284,5676,5239,34.1,4.68,-100.0,-1,-1,0,823,1,0,0,0
GCF_021229375.1.fna,g__Bradyrhizobium (UID3699),37,824,336,99.99,0.3,0.0,8983305,70088,8422,8422,184704,373,301,293,5686,5250,34.0,5.51,-100.0,-1,-1,1,822,1,0,0,0
GCF_021261305.1.fna,g__Bradyrhizobium (UID3699),37,824,336,100.0,0.3,0.0,9546788,73987,9152,9152,286945,365,292,284,5676,5239,34.1,4.68,-100.0,-1,-1,0,823,1,0,0,0
GCF_021261335.1.fna,g__Bradyrhizobium (UID3699),37,824,336,99.93,0.6,0.0,10266898,79378,10124,10124,267748,360,283,275,5676,5239,34.0,4.81,-100.0,-1,-1,1,821,2,0,0,0
GCF_021261355.1.fna,g__Bradyrhizobium (UID3699),37,824,336,100.0,0.6,0.0,10188322,78552,9951,9951,238727,363,286,278,5676,5239,34.0,4.78,-100.0,-1,-1,0,822,2,0,0,0
GCF_021261415.1.fna,g__Bradyrhizobium (UID3699),37,824,336,99.69,0.3,0.0,9072300,71073,8573,8573,255062,372,299,291,5686,5250,34.0,5.15,-100.0,-1,-1,2,821,1,0,0,0
GCF_021261445.1.fna,g__Bradyrhizobium (UID3699),37,824,336,99.99,0.3,0.0,9066558,71001,8538,8538,235348,373,300,292,5686,5250,34.0,5.16,-100.0,-1,-1,1,822,1,0,0,0
GCF_021261465.1.fna,g__Bradyrhizobium (UID3699),37,824,336,99.99,0.3,0.0,9065038,70960,8536,8536,282057,373,300,292,5686,5250,34.0,5.17,-100.0,-1,-1,1,822,1,0,0,0
GCF_021261485.1.fna,g__Bradyrhizobium (UID3699),37,824,336,99.99,0.3,0.0,9067238,71018,8554,8554,256113,373,299,291,5686,5250,34.0,5.21,-100.0,-1,-1,1,822,1,0,0,0
GCF_023277985.1.fna,g__Bradyrhizobium (UID3699),37,824,336,100.0,0.3,0.0,9863878,77600,9353,9353,9863878,367,296,288,5681,5235,34.1,4.72,-100.0,-1,-1,0,823,1,0,0,0
GCF_023278145.1.fna,g__Bradyrhizobium (UID3699),37,824,336,100.0,0.17,0.0,10757443,82885,10386,10386,9745549,364,290,282,4182,4094,34.0,4.67,-100.0,-1,-1,0,821,3,0,0,0
GCF_023278165.1.fna,g__Bradyrhizobium (UID3699),37,824,336,99.99,0.3,0.0,9137248,71519,8509,8509,9137248,374,304,295,5686,5250,34.0,5.08,-100.0,-1,-1,1,822,1,0,0,0
GCF_023278185.1.fna,g__Bradyrhizobium (UID3699),37,824,336,100.0,0.6,0.0,9518205,73379,8970,8971,9115474,373,297,289,3816,3748,34.0,5.2,-100.0,-1,-1,0,821,3,0,0,0
GCF_900094575.1.fna,g__Bradyrhizobium (UID3699),37,824,336,99.9,0.61,0.0,8201522,62939,7852,7852,804802,365,294,286,3768,3704,33.9,4.98,-100.0,-1,-1,1,818,5,0,0,0
GCF_900094605.1.fna,g__Bradyrhizobium (UID3699),37,824,336,99.86,0.32,0.0,9163226,70588,8632,8632,278998,367,295,287,5679,5251,34.2,4.91,-100.0,-1,-1,2,818,4,0,0,0
GCF_900099825.1.fna,g__Bradyrhizobium (UID3699),37,824,336,98.81,1.14,0.0,8339215,68155,7991,7991,8339215,365,295,286,4390,3968,34.3,5.58,-100.0,-1,-1,4,812,8,0,0,0
GCF_900101405.1.fna,g__Bradyrhizobium (UID3699),37,824,336,99.96,0.37,0.0,9444915,73678,8885,8886,147181,371,297,288,3223,3033,34.1,5.2,-100.0,-1,-1,1,821,2,0,0,0
GCF_900104755.1.fna,g__Bradyrhizobium (UID3699),37,824,336,98.81,1.14,0.0,8269569,67620,7885,7885,8088127,366,296,288,4390,3968,34.2,5.53,-100.0,-1,-1,4,812,8,0,0,0
GCF_900105125.1.fna,f__Bradyrhizobiaceae (UID3695),47,693,296,99.65,1.94,0.0,7842044,64185,7425,7426,7842044,366,302,293,2377,2224,34.5,5.51,-100.0,-1,-1,2,678,13,0,0,0
GCF_900105845.1.fna,g__Bradyrhizobium (UID3699),37,824,336,99.95,2.13,66.67,8967172,71669,8413,8414,8910901,370,301,292,4450,4184,34.2,5.51,-100.0,-1,-1,2,810,9,0,3,0
GCF_900116675.1.fna,g__Bradyrhizobium (UID3699),37,824,336,100.0,0.3,0.0,9793799,75794,9321,9321,213844,364,294,286,5645,5361,33.9,5.04,-100.0,-1,-1,0,822,2,0,0,0
GCF_900129425.1.fna,f__Bradyrhizobiaceae (UID3695),47,693,296,99.98,1.49,33.33,9092136,72807,8806,8807,9092136,361,286,278,6075,5660,34.6,5.42,-100.0,-1,-1,1,683,8,0,0,1
GCF_900129505.1.fna,f__Bradyrhizobiaceae (UID3695),47,693,296,99.2,2.9,7.69,9184751,71944,8883,8883,9184751,360,287,279,5302,4937,34.4,4.68,-100.0,-1,-1,4,676,13,0,0,0
GCF_900129675.1.fna,g__Bradyrhizobium (UID3699),37,824,336,98.5,4.77,37.5,11738562,90803,11642,11643,8652723,357,274,267,3140,2921,34.2,5.22,-100.0,-1,-1,6,788,25,5,0,0
GCF_900141755.1.fna,f__Bradyrhizobiaceae (UID3695),47,693,296,99.44,1.42,22.22,7910099,65425,7432,7432,7910099,370,303,294,8918,8447,34.3,5.52,-100.0,-1,-1,3,681,9,0,0,0
GCF_900142345.1.fna,g__Bradyrhizobium (UID3699),37,824,336,98.8,1.14,0.0,8150968,66444,7725,7725,8150968,365,298,289,4498,4069,34.3,5.6,-100.0,-1,-1,5,811,8,0,0,0
GCF_900142985.1.fna,g__Bradyrhizobium (UID3699),37,824,336,96.15,1.56,23.08,7525217,62247,7285,7286,7525217,360,293,284,4928,4530,34.3,5.78,-100.0,-1,-1,21,795,7,0,1,0
GCF_900324035.1.fna,g__Bradyrhizobium (UID3699),37,824,336,99.59,0.89,33.33,8156021,62029,7680,7680,8156021,366,297,289,3365,3141,34.1,5.6,-100.0,-1,-1,3,812,9,0,0,0
GCF_900696075.1.fna,g__Bradyrhizobium (UID3699),37,824,336,99.89,0.51,50.0,8864324,70102,8185,8186,253924,373,305,296,3244,3019,34.0,5.27,-100.0,-1,-1,2,818,4,0,0,0
GCF_900696085.1.fna,g__Bradyrhizobium (UID3699),37,824,336,99.96,0.66,25.0,9412302,73780,8590,8591,466280,376,308,300,3244,3021,34.0,5.11,-100.0,-1,-1,1,819,4,0,0,0
